# GO,NS,enrichment,name,ratio_in_study,ratio_in_pop,p_uncorrected,depth,study_count,p_bonferroni,p_sidak,p_holm,p_fdr_bh,study_items
GO:0006658,BP,e,phosphatidylserine metabolic process,4/339,7/4382,0.0010208763407337962,7,4,1.0,1.0,1.0,1.0,"9791, 10955, 81579, 114884"
GO:0070986,BP,e,left/right axis specification,3/339,4/4382,0.0017311953521776144,4,3,1.0,1.0,1.0,1.0,"4853, 10370, 54806"
GO:0002064,BP,e,epithelial cell development,10/339,45/4382,0.0018512184849629235,4,10,1.0,1.0,1.0,1.0,"2316, 2810, 3572, 4615, 4853, 5170, 8826, 9414, 25803, 50848"
GO:0030512,BP,e,negative regulation of transforming growth factor beta receptor signaling pathway,8/339,31/4382,0.0019163737690751305,8,8,1.0,1.0,1.0,1.0,"3309, 4052, 5170, 5494, 7049, 7311, 26036, 58533"
GO:0051965,BP,e,positive regulation of synapse assembly,4/339,8/4382,0.0019177298886442343,7,4,1.0,1.0,1.0,1.0,"4915, 7336, 9231, 64084"
GO:0034249,BP,e,negative regulation of cellular amide metabolic process,13/339,69/4382,0.0020442928919968675,6,13,1.0,1.0,1.0,1.0,"468, 811, 1153, 2332, 4915, 5976, 7248, 7298, 8570, 9513, 23163, 28998, 79068"
GO:0017148,BP,e,negative regulation of translation,11/339,55/4382,0.002729618441632569,8,11,1.0,1.0,1.0,1.0,"468, 811, 1153, 2332, 5976, 7248, 7298, 8570, 9513, 28998, 79068"
GO:1901890,BP,e,positive regulation of cell junction assembly,7/339,26/4382,0.002826256654215742,6,7,1.0,1.0,1.0,1.0,"4915, 7122, 7248, 7336, 8826, 9231, 64084"
GO:0070102,BP,e,interleukin-6-mediated signaling pathway,4/339,9/4382,0.0032427930729370326,7,4,1.0,1.0,1.0,1.0,"1050, 3572, 4089, 5781"
GO:0017015,BP,e,regulation of transforming growth factor beta receptor signaling pathway,10/339,49/4382,0.0036127036064975172,7,10,1.0,1.0,1.0,1.0,"3309, 4052, 4089, 5170, 5494, 7049, 7311, 10370, 26036, 58533"
GO:1903844,BP,e,regulation of cellular response to transforming growth factor beta stimulus,10/339,50/4382,0.0042136502181162215,5,10,1.0,1.0,1.0,1.0,"3309, 4052, 4089, 5170, 5494, 7049, 7311, 10370, 26036, 58533"
GO:0032232,BP,e,negative regulation of actin filament bundle assembly,4/339,10/4382,0.0050781252721281405,10,4,1.0,1.0,1.0,1.0,"3925, 5216, 8500, 50848"
GO:0051497,BP,e,negative regulation of stress fiber assembly,4/339,10/4382,0.0050781252721281405,11,4,1.0,1.0,1.0,1.0,"3925, 5216, 8500, 50848"
GO:0009212,BP,e,pyrimidine deoxyribonucleoside triphosphate biosynthetic process,2/339,2/4382,0.005968576602111407,10,2,1.0,1.0,1.0,1.0,"7298, 9519"
GO:0000050,BP,e,urea cycle,2/339,2/4382,0.005968576602111407,6,2,1.0,1.0,1.0,1.0,"435, 1050"
GO:0036302,BP,e,atrioventricular canal development,2/339,2/4382,0.005968576602111407,3,2,1.0,1.0,1.0,1.0,"4089, 5781"
GO:2000832,BP,e,negative regulation of steroid hormone secretion,2/339,2/4382,0.005968576602111407,9,2,1.0,1.0,1.0,1.0,"1407, 5781"
GO:2000847,BP,e,negative regulation of corticosteroid hormone secretion,2/339,2/4382,0.005968576602111407,10,2,1.0,1.0,1.0,1.0,"1407, 5781"
GO:0090042,BP,e,tubulin deacetylation,2/339,2/4382,0.005968576602111407,9,2,1.0,1.0,1.0,1.0,"2316, 10013"
GO:0009635,BP,e,response to herbicide,2/339,2/4382,0.005968576602111407,4,2,1.0,1.0,1.0,1.0,"210, 27429"
GO:0071941,BP,e,nitrogen cycle metabolic process,2/339,2/4382,0.005968576602111407,3,2,1.0,1.0,1.0,1.0,"435, 1050"
GO:0019627,BP,e,urea metabolic process,2/339,2/4382,0.005968576602111407,5,2,1.0,1.0,1.0,1.0,"435, 1050"
GO:0006235,BP,e,dTTP biosynthetic process,2/339,2/4382,0.005968576602111407,12,2,1.0,1.0,1.0,1.0,"7298, 9519"
GO:0042359,BP,e,vitamin D metabolic process,2/339,2/4382,0.005968576602111407,5,2,1.0,1.0,1.0,1.0,"1593, 7421"
GO:2000849,BP,e,regulation of glucocorticoid secretion,2/339,2/4382,0.005968576602111407,10,2,1.0,1.0,1.0,1.0,"1407, 5781"
GO:2000850,BP,e,negative regulation of glucocorticoid secretion,2/339,2/4382,0.005968576602111407,11,2,1.0,1.0,1.0,1.0,"1407, 5781"
GO:0046075,BP,e,dTTP metabolic process,2/339,2/4382,0.005968576602111407,11,2,1.0,1.0,1.0,1.0,"7298, 9519"
GO:0038156,BP,e,interleukin-3-mediated signaling pathway,2/339,2/4382,0.005968576602111407,7,2,1.0,1.0,1.0,1.0,"2207, 6850"
GO:0032231,BP,e,regulation of actin filament bundle assembly,9/339,45/4382,0.006522729528156127,9,9,1.0,1.0,1.0,1.0,"2316, 3925, 5216, 7248, 7840, 7984, 8500, 23075, 50848"
GO:0009219,BP,e,pyrimidine deoxyribonucleotide metabolic process,4/339,11/4382,0.007499127784297731,10,4,1.0,1.0,1.0,1.0,"7298, 7374, 9519, 30833"
GO:0002673,BP,e,regulation of acute inflammatory response,4/339,11/4382,0.007499127784297731,7,4,1.0,1.0,1.0,1.0,"2161, 2213, 3572, 25807"
GO:0051151,BP,e,negative regulation of smooth muscle cell differentiation,3/339,6/4382,0.007693893810341221,7,3,1.0,1.0,1.0,1.0,"4775, 27250, 80306"
GO:0010558,BP,e,negative regulation of macromolecule biosynthetic process,51/339,467/4382,0.009961557104766816,6,51,1.0,1.0,1.0,1.0,"196, 468, 811, 896, 1050, 1153, 1407, 1488, 1974, 1999, 2316, 2332, 2932, 3169, 3660, 4089, 4775, 4853, 5494, 5976, 5977, 6907, 7026, 7248, 7298, 7311, 7421, 8570, 9093, 9513, 9569, 9611, 9975, 10013, 10127, 10346, 10370, 10401, 10771, 10782, 22882, 23468, 23560, 25803, 26036, 27250, 28998, 58533, 79068, 80764, 84759"
GO:0110020,BP,e,regulation of actomyosin structure organization,8/339,40/4382,0.010134506137904294,8,8,1.0,1.0,1.0,1.0,"3925, 4089, 5216, 7248, 7840, 7984, 8500, 50848"
GO:0031327,BP,e,negative regulation of cellular biosynthetic process,52/339,483/4382,0.011208558193796507,6,52,1.0,1.0,1.0,1.0,"196, 341, 468, 811, 896, 1050, 1153, 1407, 1488, 1974, 1999, 2316, 2332, 2932, 3169, 3660, 4089, 4775, 4853, 5494, 5976, 5977, 6907, 7026, 7248, 7298, 7311, 7421, 8570, 9093, 9513, 9569, 9611, 9975, 10013, 10127, 10346, 10370, 10401, 10771, 10782, 22882, 23468, 23560, 25803, 26036, 27250, 28998, 58533, 79068, 80764, 84759"
GO:0007167,BP,e,enzyme linked receptor protein signaling pathway,34/339,290/4382,0.011990182056530262,6,34,1.0,1.0,1.0,1.0,"161, 374, 1945, 2885, 2887, 2932, 3340, 3572, 3925, 4052, 4089, 4318, 4915, 5170, 5439, 5440, 5781, 5792, 6850, 7049, 7073, 7122, 7311, 8503, 8826, 8895, 9197, 9550, 9788, 10109, 10370, 27250, 50848, 54806"
GO:0046928,BP,e,regulation of neurotransmitter secretion,5/339,19/4382,0.012641064556019398,7,5,1.0,1.0,1.0,1.0,"150, 801, 2332, 2932, 55288"
GO:2000113,BP,e,negative regulation of cellular macromolecule biosynthetic process,50/339,463/4382,0.012675671506720762,7,50,1.0,1.0,1.0,1.0,"196, 468, 811, 896, 1050, 1153, 1407, 1488, 1999, 2316, 2332, 2932, 3169, 3660, 4089, 4775, 4853, 5494, 5976, 5977, 6907, 7026, 7248, 7298, 7311, 7421, 8570, 9093, 9513, 9569, 9611, 9975, 10013, 10127, 10346, 10370, 10401, 10771, 10782, 22882, 23468, 23560, 25803, 26036, 27250, 28998, 58533, 79068, 80764, 84759"
GO:0035331,BP,e,negative regulation of hippo signaling,3/339,7/4382,0.012698656912458564,8,3,1.0,1.0,1.0,1.0,"5606, 9231, 22941"
GO:0034393,BP,e,positive regulation of smooth muscle cell apoptotic process,3/339,7/4382,0.012698656912458564,9,3,1.0,1.0,1.0,1.0,"468, 6416, 27250"
GO:0090557,BP,e,establishment of endothelial intestinal barrier,3/339,7/4382,0.012698656912458564,7,3,1.0,1.0,1.0,1.0,"4615, 9414, 50848"
GO:0031399,BP,e,regulation of protein modification process,58/339,557/4382,0.013745109675695762,7,58,1.0,1.0,1.0,1.0,"150, 330, 374, 801, 896, 1022, 1050, 1407, 1846, 2192, 2332, 2810, 2932, 3309, 3572, 3985, 4089, 4318, 4915, 5170, 5502, 5523, 5606, 5781, 6176, 6416, 6850, 7026, 7037, 7164, 7248, 7311, 7332, 7984, 8503, 8795, 8826, 9052, 9513, 10013, 10401, 10625, 10782, 10926, 23075, 23181, 23328, 23560, 26036, 27250, 27338, 29775, 50488, 55074, 58533, 64689, 80764, 85453"
GO:1902116,BP,e,negative regulation of organelle assembly,4/339,13/4382,0.014357032837329748,7,4,1.0,1.0,1.0,1.0,"3985, 4089, 9637, 55755"
GO:0007176,BP,e,regulation of epidermal growth factor-activated receptor activity,4/339,13/4382,0.014357032837329748,11,4,1.0,1.0,1.0,1.0,"150, 374, 9052, 58533"
GO:0150105,BP,e,protein localization to cell-cell junction,4/339,13/4382,0.014357032837329748,5,4,1.0,1.0,1.0,1.0,"2316, 9231, 9414, 50848"
GO:1903305,BP,e,regulation of regulated secretory pathway,8/339,43/4382,0.01560683622633121,8,8,1.0,1.0,1.0,1.0,"150, 801, 2213, 2332, 2932, 5170, 6810, 6850"
GO:0010469,BP,e,regulation of signaling receptor activity,8/339,43/4382,0.01560683622633121,6,8,1.0,1.0,1.0,1.0,"150, 374, 2213, 9052, 10013, 22941, 50488, 58533"
GO:0009890,BP,e,negative regulation of biosynthetic process,52/339,493/4382,0.015644320338294816,5,52,1.0,1.0,1.0,1.0,"196, 341, 468, 811, 896, 1050, 1153, 1407, 1488, 1974, 1999, 2316, 2332, 2932, 3169, 3660, 4089, 4775, 4853, 5494, 5976, 5977, 6907, 7026, 7248, 7298, 7311, 7421, 8570, 9093, 9513, 9569, 9611, 9975, 10013, 10127, 10346, 10370, 10401, 10771, 10782, 22882, 23468, 23560, 25803, 26036, 27250, 28998, 58533, 79068, 80764, 84759"
GO:0002238,BP,e,response to molecule of fungal origin,2/339,3/4382,0.016987277607863026,4,2,1.0,1.0,1.0,1.0,"4615, 6850"
GO:0099560,BP,e,synaptic membrane adhesion,2/339,3/4382,0.016987277607863026,5,2,1.0,1.0,1.0,1.0,"5792, 8404"
GO:2000311,BP,e,regulation of AMPA receptor activity,2/339,3/4382,0.016987277607863026,9,2,1.0,1.0,1.0,1.0,"22941, 50488"
GO:0009222,BP,e,pyrimidine ribonucleotide catabolic process,2/339,3/4382,0.016987277607863026,10,2,1.0,1.0,1.0,1.0,"9583, 30833"
GO:0036150,BP,e,phosphatidylserine acyl-chain remodeling,2/339,3/4382,0.016987277607863026,8,2,1.0,1.0,1.0,1.0,"81579, 114884"
GO:0010838,BP,e,positive regulation of keratinocyte proliferation,2/339,3/4382,0.016987277607863026,7,2,1.0,1.0,1.0,1.0,"374, 4853"
GO:0045741,BP,e,positive regulation of epidermal growth factor-activated receptor activity,2/339,3/4382,0.016987277607863026,12,2,1.0,1.0,1.0,1.0,"150, 374"
GO:0009211,BP,e,pyrimidine deoxyribonucleoside triphosphate metabolic process,2/339,3/4382,0.016987277607863026,9,2,1.0,1.0,1.0,1.0,"7298, 9519"
GO:1990668,BP,e,vesicle fusion with endoplasmic reticulum-Golgi intermediate compartment (ERGIC) membrane,2/339,3/4382,0.016987277607863026,8,2,1.0,1.0,1.0,1.0,"811, 6810"
GO:1905064,BP,e,negative regulation of vascular associated smooth muscle cell differentiation,2/339,3/4382,0.016987277607863026,8,2,1.0,1.0,1.0,1.0,"4775, 27250"
GO:2000615,BP,e,regulation of histone H3-K9 acetylation,2/339,3/4382,0.016987277607863026,11,2,1.0,1.0,1.0,1.0,"4089, 26036"
GO:0007099,BP,e,centriole replication,2/339,3/4382,0.016987277607863026,7,2,1.0,1.0,1.0,1.0,"55755, 80254"
GO:0046073,BP,e,dTMP metabolic process,2/339,3/4382,0.016987277607863026,11,2,1.0,1.0,1.0,1.0,"7298, 30833"
GO:0009202,BP,e,deoxyribonucleoside triphosphate biosynthetic process,2/339,3/4382,0.016987277607863026,9,2,1.0,1.0,1.0,1.0,"7298, 9519"
GO:0051246,BP,e,regulation of protein metabolic process,88/339,910/4382,0.017597269201121472,5,88,1.0,1.0,1.0,1.0,"150, 210, 330, 334, 374, 468, 801, 811, 896, 1022, 1050, 1153, 1407, 1512, 1718, 1846, 1917, 1974, 1983, 2161, 2192, 2316, 2332, 2768, 2810, 2932, 2934, 3309, 3572, 3872, 3985, 4089, 4318, 4915, 4953, 5170, 5502, 5523, 5606, 5708, 5781, 5976, 6176, 6416, 6850, 7026, 7037, 7164, 7248, 7298, 7311, 7332, 7336, 7984, 8503, 8570, 8795, 8826, 8893, 9052, 9513, 10013, 10401, 10440, 10625, 10782, 10926, 23075, 23163, 23181, 23328, 23560, 25807, 25816, 26036, 27250, 27338, 27429, 28998, 29775, 50488, 55074, 58533, 64689, 79068, 80764, 84271, 85453"
GO:0090101,BP,e,negative regulation of transmembrane receptor protein serine/threonine kinase signaling pathway,8/339,44/4382,0.017833149316710654,7,8,1.0,1.0,1.0,1.0,"3309, 4052, 5170, 5494, 7049, 7311, 26036, 58533"
GO:0001837,BP,e,epithelial to mesenchymal transition,6/339,28/4382,0.017976113208760497,5,6,1.0,1.0,1.0,1.0,"2316, 2932, 4089, 7049, 9231, 27250"
GO:0035383,BP,e,thioester metabolic process,7/339,36/4382,0.01838110190216027,4,7,1.0,1.0,1.0,1.0,"1737, 4967, 10965, 23181, 51703, 54995, 60481"
GO:0006637,BP,e,acyl-CoA metabolic process,7/339,36/4382,0.01838110190216027,10,7,1.0,1.0,1.0,1.0,"1737, 4967, 10965, 23181, 51703, 54995, 60481"
GO:0030858,BP,e,positive regulation of epithelial cell differentiation,4/339,14/4382,0.018899233638003863,6,4,1.0,1.0,1.0,1.0,"2810, 7421, 10626, 54806"
GO:0030041,BP,e,actin filament polymerization,4/339,14/4382,0.018899233638003863,8,4,1.0,1.0,1.0,1.0,"1729, 2934, 8522, 10109"
GO:0010837,BP,e,regulation of keratinocyte proliferation,4/339,14/4382,0.018899233638003863,6,4,1.0,1.0,1.0,1.0,"374, 2810, 4853, 7421"
GO:0048869,BP,e,cellular developmental process,73/339,737/4382,0.018921293815635547,2,73,1.0,1.0,1.0,1.0,"468, 811, 847, 1050, 1203, 1266, 1488, 1959, 1999, 2091, 2207, 2213, 2316, 2810, 2932, 2934, 3169, 3309, 3572, 3925, 4055, 4089, 4209, 4318, 4615, 4629, 4853, 4915, 5170, 5316, 5781, 5800, 6443, 6733, 6850, 7026, 7037, 7049, 7122, 7155, 7248, 7289, 7298, 7421, 8321, 8522, 8761, 8826, 8893, 9093, 9231, 9414, 9788, 9975, 10013, 10370, 22800, 22882, 22941, 23181, 23560, 25803, 27250, 27429, 28962, 50488, 50848, 54664, 55755, 79006, 80237, 89797, 399979"
GO:0002066,BP,e,columnar/cuboidal epithelial cell development,3/339,8/4382,0.01916721312692792,5,3,1.0,1.0,1.0,1.0,"3572, 5170, 25803"
GO:0035330,BP,e,regulation of hippo signaling,3/339,8/4382,0.01916721312692792,7,3,1.0,1.0,1.0,1.0,"5606, 9231, 22941"
GO:0060997,BP,e,dendritic spine morphogenesis,3/339,8/4382,0.01916721312692792,9,3,1.0,1.0,1.0,1.0,"10013, 22941, 23181"
GO:0006220,BP,e,pyrimidine nucleotide metabolic process,5/339,21/4382,0.0194721943723288,8,5,1.0,1.0,1.0,1.0,"7298, 7374, 9519, 9583, 30833"
GO:1902533,BP,e,positive regulation of intracellular signal transduction,38/339,343/4382,0.020190968144618446,7,38,1.0,1.0,1.0,1.0,"150, 330, 374, 391, 811, 847, 929, 2213, 2316, 2885, 3340, 4055, 4615, 4853, 4915, 5494, 5606, 5781, 5863, 6416, 6574, 6850, 7037, 7164, 7311, 7984, 8795, 8826, 9231, 9830, 10346, 10475, 10955, 23328, 27250, 50488, 50848, 85453"
GO:0044093,BP,e,positive regulation of molecular function,61/339,601/4382,0.021102838493431367,3,61,1.0,1.0,1.0,1.0,"150, 374, 391, 801, 847, 896, 1203, 1488, 1512, 1917, 1983, 2192, 2332, 2932, 2934, 3169, 3925, 4318, 4615, 4915, 4952, 5170, 5216, 5606, 5781, 6176, 6416, 6810, 6850, 7037, 7122, 7164, 7248, 7311, 7332, 7421, 7984, 8321, 8490, 8795, 8826, 9052, 9135, 9830, 10013, 10294, 10346, 10475, 10576, 10598, 10926, 23328, 27338, 27429, 29775, 50488, 50848, 51735, 54453, 55802, 64689"
GO:0042058,BP,e,regulation of epidermal growth factor receptor signaling pathway,7/339,37/4382,0.02121541140055577,7,7,1.0,1.0,1.0,1.0,"150, 374, 2060, 2885, 4318, 9052, 58533"
GO:0030534,BP,e,adult behavior,6/339,29/4382,0.02123543591929624,2,6,1.0,1.0,1.0,1.0,"18, 4097, 7248, 22941, 27429, 55074"
GO:0032268,BP,e,regulation of cellular protein metabolic process,82/339,845/4382,0.021586321046827152,6,82,1.0,1.0,1.0,1.0,"150, 210, 330, 334, 374, 468, 801, 811, 896, 1022, 1050, 1153, 1407, 1512, 1718, 1846, 1974, 1983, 2161, 2192, 2332, 2768, 2810, 2932, 2934, 3309, 3572, 3872, 3985, 4089, 4318, 4915, 5170, 5502, 5523, 5606, 5781, 5976, 6176, 6416, 6850, 7026, 7037, 7164, 7248, 7298, 7311, 7332, 7336, 7984, 8503, 8570, 8795, 8826, 8893, 9052, 9513, 10013, 10401, 10440, 10625, 10782, 10926, 23075, 23181, 23328, 23560, 25816, 26036, 27250, 27338, 27429, 28998, 29775, 50488, 55074, 58533, 64689, 79068, 80764, 84271, 85453"
GO:0045785,BP,e,positive regulation of cell adhesion,20/339,157/4382,0.022133402377895867,5,20,1.0,1.0,1.0,1.0,"811, 2316, 2885, 2932, 3169, 3572, 4179, 5170, 5781, 6484, 6810, 6850, 7037, 7248, 8826, 9093, 10109, 10370, 50848, 54453"
GO:0007173,BP,e,epidermal growth factor receptor signaling pathway,5/339,22/4382,0.02364731187832292,9,5,1.0,1.0,1.0,1.0,"374, 2885, 5170, 5781, 8826"
GO:0010660,BP,e,regulation of muscle cell apoptotic process,5/339,22/4382,0.02364731187832292,7,5,1.0,1.0,1.0,1.0,"468, 5170, 5863, 6416, 27250"
GO:0048523,BP,e,negative regulation of cellular process,137/339,1524/4382,0.024180342756328608,4,137,1.0,1.0,1.0,1.0,"150, 196, 210, 330, 334, 341, 374, 468, 597, 801, 811, 847, 896, 929, 1022, 1050, 1153, 1234, 1407, 1488, 1512, 1718, 1805, 1846, 1974, 1999, 2060, 2192, 2213, 2316, 2332, 2810, 2885, 2887, 2932, 2934, 3169, 3309, 3572, 3587, 3660, 3925, 3985, 4052, 4089, 4179, 4318, 4615, 4775, 4853, 4915, 5170, 5216, 5494, 5502, 5564, 5606, 5708, 5781, 5800, 5863, 5976, 5977, 6231, 6416, 6907, 7026, 7037, 7049, 7122, 7248, 7289, 7298, 7311, 7336, 7374, 7421, 7508, 7737, 8490, 8500, 8539, 8570, 8795, 9052, 9093, 9231, 9513, 9569, 9611, 9637, 9788, 9975, 10013, 10127, 10287, 10346, 10370, 10397, 10401, 10625, 10771, 10782, 10950, 22882, 22941, 23075, 23163, 23408, 23468, 23560, 25803, 25807, 25816, 26036, 27250, 27429, 28998, 29775, 50848, 54469, 54585, 54806, 54832, 55074, 55755, 58533, 63898, 64689, 79068, 80237, 80254, 80306, 80351, 80764, 84759, 90480"
GO:2000300,BP,e,regulation of synaptic vesicle exocytosis,4/339,15/4382,0.02423684897273125,9,4,1.0,1.0,1.0,1.0,"150, 801, 2332, 2932"
GO:0051492,BP,e,regulation of stress fiber assembly,7/339,38/4382,0.024339811776480768,10,7,1.0,1.0,1.0,1.0,"3925, 5216, 7248, 7840, 7984, 8500, 50848"
GO:0010634,BP,e,positive regulation of epithelial cell migration,10/339,62/4382,0.02584162351041488,8,10,1.0,1.0,1.0,1.0,"811, 1512, 2821, 4318, 5170, 5216, 5606, 10013, 23328, 54453"
GO:0065009,BP,e,regulation of molecular function,96/339,1020/4382,0.02703885341278661,2,96,1.0,1.0,1.0,1.0,"150, 330, 334, 341, 374, 391, 801, 847, 896, 1022, 1050, 1203, 1266, 1488, 1512, 1718, 1846, 1917, 1974, 1983, 2040, 2192, 2213, 2316, 2332, 2810, 2932, 2934, 3169, 3925, 4089, 4318, 4615, 4915, 4952, 5170, 5216, 5502, 5523, 5564, 5606, 5635, 5708, 5781, 5792, 5863, 6176, 6416, 6810, 6850, 7026, 7037, 7049, 7122, 7164, 7248, 7311, 7332, 7421, 7984, 8321, 8490, 8503, 8638, 8795, 8826, 8893, 9052, 9093, 9135, 9644, 9830, 10013, 10294, 10346, 10475, 10576, 10598, 10926, 11215, 22941, 23328, 23560, 25816, 27250, 27338, 27429, 29775, 50488, 50848, 51735, 54453, 55802, 58533, 63898, 64689"
GO:1901020,BP,e,negative regulation of calcium ion transmembrane transporter activity,3/339,9/4382,0.027129423153811432,10,3,1.0,1.0,1.0,1.0,"150, 801, 2332"
GO:0002755,BP,e,MyD88-dependent toll-like receptor signaling pathway,3/339,9/4382,0.027129423153811432,7,3,1.0,1.0,1.0,1.0,"929, 4615, 7311"
GO:0006244,BP,e,pyrimidine nucleotide catabolic process,3/339,9/4382,0.027129423153811432,9,3,1.0,1.0,1.0,1.0,"7374, 9583, 30833"
GO:0010954,BP,e,positive regulation of protein processing,3/339,9/4382,0.027129423153811432,9,3,1.0,1.0,1.0,1.0,"2161, 2934, 10440"
GO:2001267,BP,e,regulation of cysteine-type endopeptidase activity involved in apoptotic signaling pathway,3/339,9/4382,0.027129423153811432,11,3,1.0,1.0,1.0,1.0,"2934, 4318, 27429"
GO:0016973,BP,e,poly(A)+ mRNA export from nucleus,3/339,9/4382,0.027129423153811432,12,3,1.0,1.0,1.0,1.0,"9688, 9877, 84271"
GO:0045684,BP,e,positive regulation of epidermis development,3/339,9/4382,0.027129423153811432,5,3,1.0,1.0,1.0,1.0,"2810, 7421, 10626"
GO:0045606,BP,e,positive regulation of epidermal cell differentiation,3/339,9/4382,0.027129423153811432,7,3,1.0,1.0,1.0,1.0,"2810, 7421, 10626"
GO:0048385,BP,e,regulation of retinoic acid receptor signaling pathway,3/339,9/4382,0.027129423153811432,6,3,1.0,1.0,1.0,1.0,"811, 1488, 10626"
GO:0044060,BP,e,regulation of endocrine process,3/339,9/4382,0.027129423153811432,5,3,1.0,1.0,1.0,1.0,"1407, 4089, 5781"
GO:0051588,BP,e,regulation of neurotransmitter transport,5/339,23/4382,0.02835932140600545,5,5,1.0,1.0,1.0,1.0,"150, 801, 2332, 2932, 55288"
GO:0051338,BP,e,regulation of transferase activity,39/339,359/4382,0.029629724103847094,4,39,1.0,1.0,1.0,1.0,"150, 374, 801, 896, 1022, 1050, 1846, 1917, 1974, 2810, 2932, 4915, 5170, 5606, 5781, 6176, 6416, 6850, 7026, 7164, 7248, 7311, 7332, 7984, 8503, 8795, 8826, 9052, 10576, 10926, 11215, 23328, 23560, 27250, 27338, 29775, 50488, 58533, 64689"
GO:0031401,BP,e,positive regulation of protein modification process,39/339,361/4382,0.03010798844522228,8,39,1.0,1.0,1.0,1.0,"150, 330, 374, 801, 896, 1407, 2332, 3309, 3572, 3985, 4089, 4318, 4915, 5170, 5606, 5781, 6176, 6416, 6850, 7037, 7164, 7311, 7332, 7984, 8503, 8795, 8826, 9052, 9513, 10013, 10401, 10926, 23181, 23328, 27338, 29775, 50488, 64689, 85453"
GO:0009798,BP,e,axis specification,4/339,16/4382,0.030397046199209257,3,4,1.0,1.0,1.0,1.0,"4089, 4853, 10370, 54806"
GO:0007254,BP,e,JNK cascade,4/339,16/4382,0.030397046199209257,8,4,1.0,1.0,1.0,1.0,"4615, 6416, 7311, 50488"
GO:0099173,BP,e,postsynapse organization,4/339,16/4382,0.030397046199209257,4,4,1.0,1.0,1.0,1.0,"10013, 10397, 22941, 23181"
GO:0090092,BP,e,regulation of transmembrane receptor protein serine/threonine kinase signaling pathway,12/339,80/4382,0.030607224696108163,6,12,1.0,1.0,1.0,1.0,"3309, 4052, 4089, 4853, 5170, 5494, 7049, 7311, 9688, 10370, 26036, 58533"
GO:1901184,BP,e,regulation of ERBB signaling pathway,7/339,40/4382,0.031506589453124824,6,7,1.0,1.0,1.0,1.0,"150, 374, 2060, 2885, 4318, 9052, 58533"
GO:0090649,BP,e,response to oxygen-glucose deprivation,2/339,4/4382,0.03224335986343898,5,2,1.0,1.0,1.0,1.0,"468, 7248"
GO:1902396,BP,e,protein localization to bicellular tight junction,2/339,4/4382,0.03224335986343898,6,2,1.0,1.0,1.0,1.0,"2316, 50848"
GO:0006817,BP,e,phosphate ion transport,2/339,4/4382,0.03224335986343898,7,2,1.0,1.0,1.0,1.0,"6574, 54020"
GO:0032025,BP,e,response to cobalt ion,2/339,4/4382,0.03224335986343898,5,2,1.0,1.0,1.0,1.0,"210, 466"
GO:0045777,BP,e,positive regulation of blood pressure,2/339,4/4382,0.03224335986343898,4,2,1.0,1.0,1.0,1.0,"7026, 50848"
GO:0098534,BP,e,centriole assembly,2/339,4/4382,0.03224335986343898,6,2,1.0,1.0,1.0,1.0,"55755, 80254"
GO:2000846,BP,e,regulation of corticosteroid hormone secretion,2/339,4/4382,0.03224335986343898,9,2,1.0,1.0,1.0,1.0,"1407, 5781"
GO:0033189,BP,e,response to vitamin A,2/339,4/4382,0.03224335986343898,7,2,1.0,1.0,1.0,1.0,"847, 7298"
GO:1901386,BP,e,negative regulation of voltage-gated calcium channel activity,2/339,4/4382,0.03224335986343898,11,2,1.0,1.0,1.0,1.0,"801, 2332"
GO:0051593,BP,e,response to folic acid,2/339,4/4382,0.03224335986343898,7,2,1.0,1.0,1.0,1.0,"2934, 7298"
GO:1903142,BP,e,positive regulation of establishment of endothelial barrier,2/339,4/4382,0.03224335986343898,9,2,1.0,1.0,1.0,1.0,"7122, 50848"
GO:0090650,BP,e,cellular response to oxygen-glucose deprivation,2/339,4/4382,0.03224335986343898,6,2,1.0,1.0,1.0,1.0,"468, 7248"
GO:0006591,BP,e,ornithine metabolic process,2/339,4/4382,0.03224335986343898,8,2,1.0,1.0,1.0,1.0,"435, 4953"
GO:0048386,BP,e,positive regulation of retinoic acid receptor signaling pathway,2/339,4/4382,0.03224335986343898,7,2,1.0,1.0,1.0,1.0,"1488, 10626"
GO:1901552,BP,e,positive regulation of endothelial cell development,2/339,4/4382,0.03224335986343898,8,2,1.0,1.0,1.0,1.0,"7122, 50848"
GO:2000831,BP,e,regulation of steroid hormone secretion,2/339,4/4382,0.03224335986343898,8,2,1.0,1.0,1.0,1.0,"1407, 5781"
GO:0035435,BP,e,phosphate ion transmembrane transport,2/339,4/4382,0.03224335986343898,8,2,1.0,1.0,1.0,1.0,"6574, 54020"
GO:0009221,BP,e,pyrimidine deoxyribonucleotide biosynthetic process,2/339,4/4382,0.03224335986343898,11,2,1.0,1.0,1.0,1.0,"7298, 9519"
GO:0008543,BP,e,fibroblast growth factor receptor signaling pathway,6/339,32/4382,0.03334086607922518,8,6,1.0,1.0,1.0,1.0,"2885, 3340, 5439, 5440, 5781, 7073"
GO:0038127,BP,e,ERBB signaling pathway,6/339,32/4382,0.03334086607922518,8,6,1.0,1.0,1.0,1.0,"374, 2885, 5170, 5781, 8826, 8895"
GO:0044264,BP,e,cellular polysaccharide metabolic process,6/339,32/4382,0.03334086607922518,5,6,1.0,1.0,1.0,1.0,"801, 2932, 2992, 3340, 3572, 5502"
GO:0005976,BP,e,polysaccharide metabolic process,6/339,32/4382,0.03334086607922518,4,6,1.0,1.0,1.0,1.0,"801, 2932, 2992, 3340, 3572, 5502"
GO:0001934,BP,e,positive regulation of protein phosphorylation,30/339,268/4382,0.03348469813159696,9,30,1.0,1.0,1.0,1.0,"150, 374, 801, 896, 2332, 3572, 3985, 4089, 4318, 4915, 5170, 5606, 5781, 6176, 6416, 6850, 7037, 7164, 7311, 7984, 8503, 8795, 8826, 9052, 9513, 10013, 10926, 23328, 29775, 50488"
GO:0071248,BP,e,cellular response to metal ion,10/339,66/4382,0.033519702414551315,5,10,1.0,1.0,1.0,1.0,"210, 468, 811, 1050, 2934, 3309, 4318, 4493, 8826, 8895"
GO:0031323,BP,e,regulation of cellular metabolic process,161/339,1841/4382,0.0341692550125023,4,161,1.0,1.0,1.0,1.0,"150, 196, 210, 330, 334, 341, 374, 391, 466, 468, 801, 811, 847, 896, 1022, 1050, 1153, 1407, 1488, 1512, 1718, 1846, 1917, 1959, 1974, 1983, 1999, 2060, 2161, 2192, 2316, 2332, 2768, 2810, 2885, 2932, 2934, 3169, 3309, 3572, 3587, 3660, 3872, 3985, 4089, 4097, 4209, 4318, 4615, 4775, 4779, 4853, 4915, 4953, 5170, 5209, 5316, 5440, 5494, 5502, 5523, 5564, 5606, 5708, 5781, 5930, 5976, 5977, 6176, 6231, 6416, 6733, 6850, 6907, 7026, 7037, 7073, 7164, 7248, 7289, 7298, 7311, 7332, 7336, 7421, 7508, 7984, 7988, 8321, 8503, 8570, 8614, 8638, 8761, 8795, 8826, 8893, 9052, 9093, 9513, 9550, 9569, 9611, 9637, 9668, 9688, 9830, 9975, 10013, 10127, 10346, 10370, 10401, 10440, 10475, 10554, 10576, 10625, 10626, 10771, 10782, 10926, 11215, 22882, 23075, 23163, 23181, 23328, 23408, 23468, 23560, 23633, 25803, 25816, 26036, 27250, 27338, 27429, 28998, 29775, 50488, 54806, 54832, 55074, 55147, 55755, 55802, 58533, 60481, 63898, 64689, 79023, 79068, 80237, 80351, 80764, 84124, 84271, 84759, 85453, 348995"
GO:0030168,BP,e,platelet activation,7/339,41/4382,0.0355702791235339,3,7,1.0,1.0,1.0,1.0,"150, 2207, 2316, 2768, 5170, 5781, 6850"
GO:0048011,BP,e,neurotrophin TRK receptor signaling pathway,3/339,10/4382,0.036579979388739935,8,3,1.0,1.0,1.0,1.0,"2885, 4915, 5781"
GO:0035051,BP,e,cardiocyte differentiation,3/339,10/4382,0.036579979388739935,4,3,1.0,1.0,1.0,1.0,"811, 4089, 7248"
GO:1901687,BP,e,glutathione derivative biosynthetic process,3/339,10/4382,0.036579979388739935,5,3,1.0,1.0,1.0,1.0,"2944, 2952, 4259"
GO:0045880,BP,e,positive regulation of smoothened signaling pathway,3/339,10/4382,0.036579979388739935,7,3,1.0,1.0,1.0,1.0,"3169, 3340, 9231"
GO:0002092,BP,e,positive regulation of receptor internalization,3/339,10/4382,0.036579979388739935,9,3,1.0,1.0,1.0,1.0,"2332, 6850, 54806"
GO:0072529,BP,e,pyrimidine-containing compound catabolic process,3/339,10/4382,0.036579979388739935,5,3,1.0,1.0,1.0,1.0,"7374, 9583, 30833"
GO:1903170,BP,e,negative regulation of calcium ion transmembrane transport,3/339,10/4382,0.036579979388739935,9,3,1.0,1.0,1.0,1.0,"150, 801, 2332"
GO:1901685,BP,e,glutathione derivative metabolic process,3/339,10/4382,0.036579979388739935,4,3,1.0,1.0,1.0,1.0,"2944, 2952, 4259"
GO:1903319,BP,e,positive regulation of protein maturation,3/339,10/4382,0.036579979388739935,7,3,1.0,1.0,1.0,1.0,"2161, 2934, 10440"
GO:0009147,BP,e,pyrimidine nucleoside triphosphate metabolic process,3/339,10/4382,0.036579979388739935,8,3,1.0,1.0,1.0,1.0,"7298, 9519, 9583"
GO:0010543,BP,e,regulation of platelet activation,3/339,10/4382,0.036579979388739935,5,3,1.0,1.0,1.0,1.0,"2207, 6850, 50848"
GO:0050892,BP,e,intestinal absorption,3/339,10/4382,0.036579979388739935,4,3,1.0,1.0,1.0,1.0,"150, 9414, 50848"
GO:0007622,BP,e,rhythmic behavior,3/339,10/4382,0.036579979388739935,2,3,1.0,1.0,1.0,1.0,"1959, 9611, 9975"
GO:0060317,BP,e,cardiac epithelial to mesenchymal transition,3/339,10/4382,0.036579979388739935,6,3,1.0,1.0,1.0,1.0,"4089, 7049, 27250"
GO:0032413,BP,e,negative regulation of ion transmembrane transporter activity,4/339,17/4382,0.037397082851318215,8,4,1.0,1.0,1.0,1.0,"150, 801, 2332, 4318"
GO:0019692,BP,e,deoxyribose phosphate metabolic process,4/339,17/4382,0.037397082851318215,5,4,1.0,1.0,1.0,1.0,"7298, 7374, 9519, 30833"
GO:0009394,BP,e,2'-deoxyribonucleotide metabolic process,4/339,17/4382,0.037397082851318215,9,4,1.0,1.0,1.0,1.0,"7298, 7374, 9519, 30833"
GO:0046596,BP,e,regulation of viral entry into host cell,4/339,17/4382,0.037397082851318215,6,4,1.0,1.0,1.0,1.0,"2934, 9830, 10346, 10475"
GO:0051148,BP,e,negative regulation of muscle cell differentiation,4/339,17/4382,0.037397082851318215,6,4,1.0,1.0,1.0,1.0,"4089, 4775, 27250, 80306"
GO:0006476,BP,e,protein deacetylation,4/339,17/4382,0.037397082851318215,8,4,1.0,1.0,1.0,1.0,"2316, 6907, 10013, 23408"
GO:0030900,BP,e,forebrain development,4/339,17/4382,0.037397082851318215,3,4,1.0,1.0,1.0,1.0,"3340, 7026, 7155, 27429"
GO:0051270,BP,e,regulation of cellular component movement,38/339,355/4382,0.037440558004318975,4,38,1.0,1.0,1.0,1.0,"150, 391, 811, 1512, 1729, 2192, 2316, 2768, 2821, 3309, 3910, 3925, 4318, 4615, 5170, 5216, 5606, 5800, 6484, 6810, 7026, 7049, 7122, 8503, 8826, 8895, 9231, 10013, 10370, 22800, 23075, 23328, 23560, 29775, 50488, 51421, 54453, 55288"
GO:0048762,BP,e,mesenchymal cell differentiation,6/339,33/4382,0.03819788566046069,4,6,1.0,1.0,1.0,1.0,"2316, 2932, 4089, 7049, 9231, 27250"
GO:0043122,BP,e,regulation of I-kappaB kinase/NF-kappaB signaling,14/339,104/4382,0.03835375716481736,7,14,1.0,1.0,1.0,1.0,"330, 2316, 4055, 4615, 5170, 5494, 6574, 7037, 8795, 9830, 10346, 10475, 10771, 54469"
GO:0001505,BP,e,regulation of neurotransmitter levels,7/339,42/4382,0.03996653151703165,3,7,1.0,1.0,1.0,1.0,"18, 150, 801, 2332, 2932, 8500, 55288"
GO:0030036,BP,e,actin cytoskeleton organization,16/339,126/4382,0.041582018386646935,6,16,1.0,1.0,1.0,1.0,"150, 391, 811, 1266, 1729, 2316, 2885, 3985, 4629, 5170, 5216, 9788, 11215, 50488, 50848, 51421"
GO:0042327,BP,e,positive regulation of phosphorylation,32/339,295/4382,0.042305332656008963,8,32,1.0,1.0,1.0,1.0,"150, 374, 801, 896, 1917, 2332, 3572, 3985, 4089, 4318, 4915, 5170, 5209, 5606, 5781, 6176, 6416, 6850, 7037, 7164, 7311, 7984, 8503, 8795, 8826, 9052, 9513, 10013, 10926, 23328, 29775, 50488"
GO:2001257,BP,e,regulation of cation channel activity,6/339,34/4382,0.043483920965127584,8,6,1.0,1.0,1.0,1.0,"801, 2040, 2332, 4318, 22941, 50488"
GO:0071260,BP,e,cellular response to mechanical stimulus,6/339,34/4382,0.043483920965127584,5,6,1.0,1.0,1.0,1.0,"4055, 4615, 5781, 6416, 8795, 50848"
GO:0071241,BP,e,cellular response to inorganic substance,11/339,75/4382,0.04465844751950107,4,11,1.0,1.0,1.0,1.0,"210, 468, 811, 1050, 2332, 2934, 3309, 4318, 4493, 8826, 8895"
GO:0045665,BP,e,negative regulation of neuron differentiation,4/339,18/4382,0.04524477571703291,6,4,1.0,1.0,1.0,1.0,"811, 2932, 22882, 55755"
GO:0106027,BP,e,neuron projection organization,4/339,18/4382,0.04524477571703291,6,4,1.0,1.0,1.0,1.0,"2932, 10013, 22941, 23181"
GO:0002637,BP,e,regulation of immunoglobulin production,4/339,18/4382,0.04524477571703291,7,4,1.0,1.0,1.0,1.0,"2213, 2821, 6810, 7037"
GO:0051253,BP,e,negative regulation of RNA metabolic process,44/339,430/4382,0.045791222195794144,7,44,1.0,1.0,1.0,1.0,"196, 468, 811, 896, 1050, 1153, 1407, 1488, 1974, 1999, 2316, 2332, 3169, 3660, 4089, 4615, 4775, 4853, 5494, 5977, 6231, 6907, 7026, 7311, 7421, 9093, 9569, 9611, 9975, 10013, 10127, 10346, 10370, 10401, 10771, 10782, 22882, 23468, 25803, 26036, 27250, 58533, 80764, 84759"
GO:0051174,BP,e,regulation of phosphorus metabolic process,53/339,531/4382,0.04583589718852766,5,53,1.0,1.0,1.0,1.0,"150, 341, 374, 801, 896, 1022, 1050, 1846, 1917, 2192, 2332, 2810, 2932, 3572, 3985, 4089, 4318, 4915, 5170, 5209, 5502, 5523, 5606, 5781, 6176, 6416, 6850, 7026, 7037, 7164, 7248, 7311, 7984, 8503, 8795, 8826, 9052, 9513, 9611, 9688, 10013, 10926, 11215, 23075, 23328, 23560, 27250, 29775, 50488, 58533, 63898, 79023, 348995"
GO:0019220,BP,e,regulation of phosphate metabolic process,53/339,531/4382,0.04583589718852766,6,53,1.0,1.0,1.0,1.0,"150, 341, 374, 801, 896, 1022, 1050, 1846, 1917, 2192, 2332, 2810, 2932, 3572, 3985, 4089, 4318, 4915, 5170, 5209, 5502, 5523, 5606, 5781, 6176, 6416, 6850, 7026, 7037, 7164, 7248, 7311, 7984, 8503, 8795, 8826, 9052, 9513, 9611, 9688, 10013, 10926, 11215, 23075, 23328, 23560, 27250, 29775, 50488, 58533, 63898, 79023, 348995"
GO:0032269,BP,e,negative regulation of cellular protein metabolic process,37/339,348/4382,0.0460223747352326,7,37,1.0,1.0,1.0,1.0,"210, 334, 468, 801, 811, 1050, 1153, 1407, 1718, 1846, 2192, 2332, 2810, 2932, 4318, 5170, 5502, 5976, 7026, 7248, 7298, 8570, 9052, 9513, 10013, 10401, 10625, 23075, 23560, 25816, 26036, 27250, 28998, 55074, 58533, 79068, 80764"
GO:0051494,BP,e,negative regulation of cytoskeleton organization,9/339,60/4382,0.04695794970023025,7,9,1.0,1.0,1.0,1.0,"2934, 3925, 4089, 5216, 8500, 10013, 23075, 50848, 55755"
GO:0010661,BP,e,positive regulation of muscle cell apoptotic process,3/339,11/4382,0.047485298740486216,8,3,1.0,1.0,1.0,1.0,"468, 6416, 27250"
GO:0002639,BP,e,positive regulation of immunoglobulin production,3/339,11/4382,0.047485298740486216,8,3,1.0,1.0,1.0,1.0,"2821, 6810, 7037"
GO:2001258,BP,e,negative regulation of cation channel activity,3/339,11/4382,0.047485298740486216,9,3,1.0,1.0,1.0,1.0,"801, 2332, 4318"
GO:1901984,BP,e,negative regulation of protein acetylation,3/339,11/4382,0.047485298740486216,9,3,1.0,1.0,1.0,1.0,"2932, 26036, 80764"
GO:0034394,BP,e,protein localization to cell surface,3/339,11/4382,0.047485298740486216,5,3,1.0,1.0,1.0,1.0,"2316, 23062, 23163"
GO:0048839,BP,e,inner ear development,3/339,11/4382,0.047485298740486216,3,3,1.0,1.0,1.0,1.0,"1050, 5781, 54806"
GO:0034391,BP,e,regulation of smooth muscle cell apoptotic process,3/339,11/4382,0.047485298740486216,8,3,1.0,1.0,1.0,1.0,"468, 6416, 27250"
GO:0055006,BP,e,cardiac cell development,3/339,11/4382,0.047485298740486216,4,3,1.0,1.0,1.0,1.0,"4629, 6443, 7049"
GO:0061157,BP,e,mRNA destabilization,3/339,11/4382,0.047485298740486216,10,3,1.0,1.0,1.0,1.0,"5976, 8570, 79068"
GO:0050794,BP,e,regulation of cellular process,242/339,2910/4382,0.04806445959845635,3,242,1.0,1.0,1.0,1.0,"150, 161, 196, 210, 330, 334, 341, 374, 391, 466, 468, 597, 801, 811, 847, 896, 929, 1022, 1050, 1153, 1234, 1407, 1488, 1512, 1718, 1729, 1805, 1846, 1917, 1945, 1959, 1974, 1983, 1999, 2040, 2060, 2161, 2192, 2207, 2213, 2316, 2332, 2768, 2791, 2810, 2821, 2885, 2887, 2932, 2934, 3169, 3309, 3340, 3385, 3572, 3587, 3660, 3754, 3872, 3910, 3925, 3985, 4052, 4055, 4089, 4097, 4179, 4209, 4318, 4615, 4775, 4779, 4853, 4915, 4952, 4953, 5170, 5209, 5216, 5316, 5439, 5440, 5494, 5502, 5523, 5564, 5606, 5708, 5781, 5792, 5800, 5863, 5930, 5976, 5977, 6176, 6231, 6416, 6484, 6574, 6733, 6810, 6850, 6907, 7026, 7037, 7049, 7073, 7122, 7164, 7248, 7289, 7298, 7311, 7332, 7336, 7374, 7421, 7508, 7737, 7840, 7984, 7988, 8321, 8404, 8490, 8500, 8503, 8539, 8570, 8614, 8638, 8761, 8795, 8821, 8826, 8893, 8895, 9052, 9093, 9135, 9197, 9231, 9414, 9513, 9550, 9569, 9611, 9637, 9648, 9668, 9688, 9788, 9830, 9975, 10013, 10109, 10127, 10261, 10287, 10294, 10346, 10370, 10397, 10401, 10424, 10440, 10475, 10540, 10554, 10576, 10625, 10626, 10771, 10782, 10926, 10950, 10955, 11018, 11215, 11343, 22800, 22882, 22941, 23075, 23163, 23181, 23207, 23299, 23328, 23408, 23468, 23560, 23633, 23683, 25803, 25807, 25816, 26036, 26750, 27250, 27338, 27429, 28998, 29775, 50488, 50848, 51421, 51626, 51703, 51735, 54453, 54469, 54585, 54806, 54832, 55074, 55147, 55288, 55733, 55754, 55755, 55802, 58533, 60481, 63898, 64084, 64689, 79006, 79023, 79068, 80237, 80254, 80306, 80351, 80764, 84124, 84271, 84759, 85453, 90480, 348995"
GO:0048519,BP,e,negative regulation of biological process,149/339,1700/4382,0.048383334259658455,3,149,1.0,1.0,1.0,1.0,"150, 196, 210, 330, 334, 341, 374, 468, 597, 801, 811, 847, 896, 929, 1022, 1050, 1153, 1234, 1407, 1488, 1512, 1718, 1805, 1846, 1974, 1999, 2060, 2161, 2192, 2213, 2316, 2332, 2810, 2885, 2887, 2932, 2934, 3169, 3309, 3572, 3587, 3660, 3910, 3925, 3985, 4052, 4089, 4179, 4318, 4493, 4615, 4775, 4853, 4915, 5170, 5216, 5494, 5502, 5564, 5606, 5708, 5781, 5800, 5863, 5976, 5977, 6176, 6231, 6416, 6733, 6907, 7026, 7037, 7049, 7122, 7248, 7289, 7298, 7311, 7336, 7374, 7421, 7508, 7737, 8490, 8500, 8539, 8570, 8614, 8638, 8795, 8826, 9052, 9093, 9231, 9513, 9569, 9611, 9637, 9788, 9830, 9975, 10013, 10127, 10287, 10346, 10370, 10397, 10401, 10544, 10625, 10771, 10782, 10950, 22882, 22941, 23075, 23163, 23181, 23408, 23468, 23560, 25803, 25807, 25816, 26036, 27250, 27429, 28998, 29775, 50848, 54469, 54585, 54806, 54832, 55074, 55755, 55802, 58533, 63898, 64689, 79068, 80237, 80254, 80306, 80351, 80764, 84759, 90480"
GO:0031324,BP,e,negative regulation of cellular metabolic process,76/339,805/4382,0.04864459651372939,5,76,1.0,1.0,1.0,1.0,"196, 210, 334, 341, 468, 801, 811, 896, 1050, 1153, 1407, 1488, 1718, 1846, 1974, 1999, 2192, 2316, 2332, 2810, 2932, 3169, 3587, 3660, 4089, 4318, 4615, 4775, 4853, 4915, 5170, 5494, 5502, 5976, 5977, 6231, 6907, 7026, 7248, 7298, 7311, 7421, 8570, 9052, 9093, 9513, 9569, 9611, 9637, 9975, 10013, 10127, 10346, 10370, 10401, 10625, 10771, 10782, 22882, 23075, 23163, 23408, 23468, 23560, 25803, 25816, 26036, 27250, 28998, 55074, 58533, 63898, 79068, 80351, 80764, 84759"
GO:0016925,BP,e,protein sumoylation,6/339,35/4382,0.0492067002006778,9,6,1.0,1.0,1.0,1.0,"1959, 9688, 10401, 26036, 79023, 348995"
GO:0046794,BP,e,transport of virus,6/339,35/4382,0.0492067002006778,5,6,1.0,1.0,1.0,1.0,"2060, 7311, 9688, 23633, 79023, 348995"
GO:0002573,BP,e,myeloid leukocyte differentiation,6/339,35/4382,0.0492067002006778,5,6,1.0,1.0,1.0,1.0,"1050, 4055, 4318, 4853, 7037, 28962"
GO:1901988,BP,p,negative regulation of cell cycle phase transition,2/339,111/4382,0.011125709224535974,7,2,1.0,1.0,1.0,1.0,"2810, 5708"
GO:0010564,BP,p,regulation of cell cycle process,12/339,295/4382,0.012605404872089526,5,12,1.0,1.0,1.0,1.0,"801, 811, 896, 2810, 5708, 7508, 7840, 10540, 10926, 23468, 55755, 80254"
GO:1901991,BP,p,negative regulation of mitotic cell cycle phase transition,2/339,108/4382,0.016105944316045534,8,2,1.0,1.0,1.0,1.0,"2810, 5708"
GO:0001558,BP,p,regulation of cell growth,4/339,139/4382,0.02357200563005393,5,4,1.0,1.0,1.0,1.0,"2810, 2932, 3872, 4089"
GO:0010948,BP,p,negative regulation of cell cycle process,5/339,154/4382,0.030729635445221757,6,5,1.0,1.0,1.0,1.0,"811, 2810, 5708, 23468, 55755"
GO:0002683,BP,p,negative regulation of immune system process,4/339,135/4382,0.032254195830835684,4,4,1.0,1.0,1.0,1.0,"2213, 9231, 10401, 25807"
GO:0001818,BP,p,negative regulation of cytokine production,2/339,97/4382,0.03225572482441538,7,2,1.0,1.0,1.0,1.0,"2213, 27250"
GO:0006302,BP,p,double-strand break repair,1/339,69/4382,0.041154981792813926,8,1,1.0,1.0,1.0,1.0,7336
GO:1990590,CC,e,ATF1-ATF4 transcription factor complex,2/339,2/4382,0.005968576602111407,4,2,1.0,1.0,1.0,1.0,"466, 468"
GO:0098794,CC,e,postsynapse,12/339,77/4382,0.01608197394452358,2,12,1.0,1.0,1.0,1.0,"1266, 2060, 2213, 2316, 2332, 2932, 4915, 5800, 6810, 9513, 22941, 23181"
GO:0043197,CC,e,dendritic spine,9/339,52/4382,0.016791559197349256,6,9,1.0,1.0,1.0,1.0,"1266, 2213, 2332, 4915, 5800, 6810, 9513, 22941, 23181"
GO:0044309,CC,e,neuron spine,9/339,52/4382,0.016791559197349256,5,9,1.0,1.0,1.0,1.0,"1266, 2213, 2332, 4915, 5800, 6810, 9513, 22941, 23181"
GO:1990589,CC,e,ATF4-CREB1 transcription factor complex,2/339,3/4382,0.016987277607863026,4,2,1.0,1.0,1.0,1.0,"466, 468"
GO:0036056,CC,e,filtration diaphragm,2/339,3/4382,0.016987277607863026,5,2,1.0,1.0,1.0,1.0,"8826, 50848"
GO:1902737,CC,e,dendritic filopodium,2/339,3/4382,0.016987277607863026,6,2,1.0,1.0,1.0,1.0,"2332, 9513"
GO:0036057,CC,e,slit diaphragm,2/339,3/4382,0.016987277607863026,6,2,1.0,1.0,1.0,1.0,"8826, 50848"
GO:0010369,CC,e,chromocenter,2/339,3/4382,0.016987277607863026,5,2,1.0,1.0,1.0,1.0,"2332, 23468"
GO:0044326,CC,e,dendritic spine neck,2/339,4/4382,0.03224335986343898,2,2,1.0,1.0,1.0,1.0,"2332, 9513"
GO:0043235,CC,e,receptor complex,14/339,104/4382,0.03835375716481736,2,14,1.0,1.0,1.0,1.0,"150, 196, 929, 3572, 4853, 4915, 6850, 7037, 7049, 7108, 7421, 9052, 22941, 27429"
GO:0030426,CC,e,growth cone,9/339,57/4382,0.039098185595561434,3,9,1.0,1.0,1.0,1.0,"801, 2316, 2332, 5800, 7248, 8826, 9513, 10540, 22941"
GO:0030427,CC,e,site of polarized growth,9/339,60/4382,0.04695794970023025,2,9,1.0,1.0,1.0,1.0,"801, 2316, 2332, 5800, 7248, 8826, 9513, 10540, 22941"
GO:0043227,CC,p,membrane-bounded organelle,224/339,3145/4382,0.016954087701484655,3,224,1.0,1.0,1.0,1.0,"18, 161, 162, 196, 210, 311, 330, 334, 341, 391, 421, 435, 466, 468, 801, 811, 847, 896, 929, 1022, 1050, 1059, 1153, 1203, 1234, 1407, 1488, 1512, 1593, 1718, 1729, 1737, 1846, 1959, 1999, 2040, 2060, 2091, 2161, 2192, 2316, 2332, 2528, 2592, 2810, 2821, 2885, 2932, 2934, 2952, 3169, 3309, 3340, 3385, 3572, 3660, 3833, 3910, 3925, 3985, 4055, 4089, 4097, 4125, 4179, 4209, 4259, 4318, 4482, 4493, 4615, 4629, 4725, 4775, 4779, 4853, 4915, 4952, 4967, 5095, 5170, 5216, 5316, 5439, 5440, 5494, 5537, 5564, 5708, 5781, 5792, 5800, 5976, 5977, 6035, 6231, 6286, 6388, 6416, 6733, 6810, 6850, 6907, 7026, 7037, 7049, 7073, 7108, 7155, 7248, 7289, 7298, 7311, 7332, 7336, 7374, 7421, 7508, 7737, 7984, 8237, 8539, 8570, 8614, 8760, 8761, 8826, 8893, 8895, 9052, 9093, 9135, 9414, 9513, 9550, 9569, 9583, 9611, 9648, 9668, 9788, 9804, 9830, 9975, 10013, 10109, 10127, 10287, 10294, 10346, 10370, 10397, 10424, 10440, 10540, 10544, 10554, 10576, 10598, 10771, 10907, 10926, 10950, 10965, 11018, 11215, 22800, 22882, 23039, 23062, 23075, 23163, 23181, 23299, 23408, 23468, 23560, 23633, 25803, 26036, 26168, 26750, 27250, 27338, 27429, 28998, 29088, 30833, 50488, 50848, 51021, 51421, 51542, 51626, 51703, 51735, 54664, 54802, 54832, 54995, 55074, 55147, 55156, 55205, 55288, 55733, 55754, 55755, 55802, 58533, 60481, 64689, 79023, 79068, 79844, 80237, 80351, 80764, 81693, 84124, 84759, 85453, 90480, 114884"
GO:0030133,CC,p,transport vesicle,1/339,80/4382,0.01944142763876903,7,1,1.0,1.0,1.0,1.0,6810
GO:0016363,CC,p,nuclear matrix,0/339,54/4382,0.02002536389935193,2,0,1.0,1.0,1.0,1.0,
GO:0043226,CC,p,organelle,245/339,3391/4382,0.02149898337519883,2,245,1.0,1.0,1.0,1.0,"18, 161, 162, 196, 210, 311, 330, 334, 341, 391, 421, 435, 466, 468, 801, 811, 847, 896, 929, 1022, 1050, 1059, 1153, 1203, 1234, 1266, 1407, 1488, 1512, 1593, 1718, 1729, 1737, 1846, 1959, 1999, 2040, 2060, 2091, 2161, 2192, 2316, 2332, 2528, 2592, 2810, 2821, 2885, 2932, 2934, 2952, 3169, 3309, 3340, 3385, 3572, 3660, 3833, 3872, 3910, 3925, 3927, 3985, 4055, 4089, 4097, 4125, 4179, 4209, 4259, 4318, 4350, 4482, 4493, 4615, 4629, 4725, 4775, 4779, 4853, 4915, 4952, 4967, 5095, 5170, 5216, 5316, 5439, 5440, 5494, 5537, 5564, 5708, 5781, 5792, 5800, 5930, 5976, 5977, 6035, 6231, 6286, 6388, 6416, 6443, 6733, 6810, 6850, 6907, 7026, 7037, 7049, 7073, 7108, 7122, 7155, 7248, 7289, 7298, 7311, 7332, 7336, 7374, 7421, 7508, 7737, 7840, 7984, 8237, 8522, 8539, 8570, 8614, 8638, 8760, 8761, 8826, 8893, 8895, 9052, 9093, 9135, 9231, 9414, 9513, 9550, 9569, 9583, 9611, 9644, 9648, 9668, 9788, 9804, 9830, 9975, 10013, 10109, 10127, 10287, 10294, 10346, 10370, 10397, 10424, 10440, 10540, 10544, 10554, 10576, 10598, 10625, 10771, 10782, 10907, 10926, 10950, 10965, 11018, 11215, 22800, 22882, 22941, 23039, 23062, 23075, 23163, 23181, 23299, 23408, 23468, 23560, 23633, 25803, 26017, 26036, 26168, 26750, 27250, 27338, 27429, 28998, 29088, 30833, 50488, 50848, 51021, 51421, 51542, 51626, 51703, 51735, 54664, 54802, 54806, 54832, 54995, 55074, 55147, 55156, 55205, 55288, 55733, 55754, 55755, 55802, 58533, 60481, 64689, 79023, 79068, 79844, 80237, 80254, 80306, 80351, 80764, 81693, 84124, 84271, 84759, 85453, 90480, 114884, 348995"
GO:1902494,CC,p,catalytic complex,32/339,577/4382,0.036232297390419096,2,32,1.0,1.0,1.0,1.0,"18, 801, 896, 1022, 1737, 2768, 2791, 4725, 4967, 5279, 5439, 5440, 5523, 5564, 5635, 5708, 5977, 6907, 7332, 7336, 8503, 8570, 9611, 10013, 10540, 23468, 26168, 27338, 27429, 51626, 55754, 84759"
GO:0005770,CC,p,late endosome,1/339,70/4382,0.04113783125903312,8,1,1.0,1.0,1.0,1.0,10013
GO:0071013,CC,p,catalytic step 2 spliceosome,0/339,45/4382,0.04646807492479015,4,0,1.0,1.0,1.0,1.0,
GO:0038023,MF,e,signaling receptor activity,26/339,178/4382,0.0013664389936343928,2,26,1.0,1.0,1.0,1.0,"150, 929, 1234, 1407, 1512, 1945, 2207, 2213, 3572, 3587, 4052, 4179, 4853, 4915, 5792, 5800, 6574, 7049, 7421, 8321, 8795, 9052, 9936, 10261, 10424, 10544"
GO:0060089,MF,e,molecular transducer activity,26/339,178/4382,0.0013664389936343928,1,26,1.0,1.0,1.0,1.0,"150, 929, 1234, 1407, 1512, 1945, 2207, 2213, 3572, 3587, 4052, 4179, 4853, 4915, 5792, 5800, 6574, 7049, 7421, 8321, 8795, 9052, 9936, 10261, 10424, 10544"
GO:0019901,MF,e,protein kinase binding,34/339,266/4382,0.002859378730508346,5,34,1.0,1.0,1.0,1.0,"150, 161, 162, 391, 468, 801, 896, 1407, 1488, 1846, 1917, 2316, 2810, 2885, 2932, 4753, 5170, 5564, 5606, 5781, 5930, 6416, 6850, 7037, 7155, 8826, 8895, 9414, 9830, 10346, 10475, 10540, 23328, 55755"
GO:0042803,MF,e,protein homodimerization activity,31/339,240/4382,0.00392132839200865,4,31,1.0,1.0,1.0,1.0,"150, 196, 597, 847, 1050, 2040, 2316, 2332, 2944, 2992, 4089, 4209, 4915, 4953, 5800, 6286, 6631, 7026, 7037, 7164, 7298, 8614, 9135, 9513, 9830, 10346, 10475, 11343, 22882, 50848, 58533"
GO:0061665,MF,e,SUMO ligase activity,3/339,5/4382,0.004079893259977828,5,3,1.0,1.0,1.0,1.0,"1959, 10401, 26036"
GO:0019763,MF,e,immunoglobulin receptor activity,2/339,2/4382,0.005968576602111407,4,2,1.0,1.0,1.0,1.0,"2207, 2213"
GO:0019900,MF,e,kinase binding,36/339,297/4382,0.006501684651796257,4,36,1.0,1.0,1.0,1.0,"150, 161, 162, 391, 468, 801, 896, 1050, 1407, 1488, 1846, 1917, 2316, 2810, 2885, 2932, 2934, 4753, 5170, 5564, 5606, 5781, 5930, 6416, 6850, 7037, 7155, 8826, 8895, 9414, 9830, 10346, 10475, 10540, 23328, 55755"
GO:0034452,MF,e,dynactin binding,3/339,6/4382,0.007693893810341221,4,3,1.0,1.0,1.0,1.0,"2932, 23299, 58533"
GO:0070569,MF,e,uridylyltransferase activity,2/339,3/4382,0.016987277607863026,5,2,1.0,1.0,1.0,1.0,"2592, 6675"
GO:0035591,MF,e,signaling adaptor activity,6/339,28/4382,0.017976113208760497,3,6,1.0,1.0,1.0,1.0,"5781, 8826, 9231, 22941, 29775, 79844"
GO:0051787,MF,e,misfolded protein binding,4/339,14/4382,0.018899233638003863,3,4,1.0,1.0,1.0,1.0,"2161, 3309, 6388, 10013"
GO:0001226,MF,e,RNA polymerase II transcription corepressor binding,4/339,14/4382,0.018899233638003863,6,4,1.0,1.0,1.0,1.0,"1488, 8237, 10013, 80764"
GO:0030371,MF,e,translation repressor activity,3/339,8/4382,0.01916721312692792,2,3,1.0,1.0,1.0,1.0,"1153, 2332, 7298"
GO:0019789,MF,e,SUMO transferase activity,3/339,8/4382,0.01916721312692792,4,3,1.0,1.0,1.0,1.0,"1959, 10401, 26036"
GO:0001784,MF,e,phosphotyrosine residue binding,5/339,22/4382,0.02364731187832292,5,5,1.0,1.0,1.0,1.0,"2885, 5216, 5781, 6850, 8503"
GO:0001221,MF,e,transcription coregulator binding,6/339,30/4382,0.02487250462304724,4,6,1.0,1.0,1.0,1.0,"196, 1488, 4089, 8237, 10013, 80764"
GO:0140375,MF,e,immune receptor activity,6/339,30/4382,0.02487250462304724,3,6,1.0,1.0,1.0,1.0,"1234, 1512, 2207, 2213, 3572, 3587"
GO:0004888,MF,e,transmembrane signaling receptor activity,17/339,125/4382,0.024967181487955955,3,17,1.0,1.0,1.0,1.0,"150, 929, 1234, 1512, 1945, 2207, 2213, 3572, 3587, 4052, 4915, 5792, 5800, 7049, 8321, 9052, 10261"
GO:0005515,MF,e,protein binding,308/339,3810/4382,0.0286723705405519,2,308,1.0,1.0,1.0,1.0,"18, 150, 161, 162, 196, 210, 311, 318, 330, 334, 341, 374, 391, 421, 435, 466, 468, 597, 801, 811, 847, 896, 929, 1022, 1050, 1153, 1203, 1234, 1266, 1407, 1488, 1512, 1718, 1729, 1737, 1805, 1846, 1917, 1945, 1959, 1974, 1983, 1999, 2040, 2060, 2091, 2161, 2192, 2207, 2213, 2316, 2332, 2592, 2768, 2791, 2810, 2821, 2885, 2887, 2932, 2934, 2944, 2952, 2992, 3169, 3309, 3340, 3385, 3572, 3587, 3660, 3754, 3833, 3872, 3910, 3925, 3927, 3985, 4052, 4055, 4089, 4097, 4179, 4209, 4259, 4318, 4350, 4482, 4493, 4615, 4629, 4725, 4753, 4775, 4779, 4853, 4915, 4952, 4953, 4967, 5095, 5170, 5209, 5216, 5316, 5439, 5440, 5494, 5502, 5523, 5537, 5564, 5606, 5635, 5708, 5781, 5792, 5800, 5863, 5930, 5976, 5977, 6035, 6176, 6231, 6286, 6388, 6416, 6443, 6631, 6675, 6733, 6810, 6850, 6907, 7026, 7037, 7049, 7108, 7122, 7155, 7164, 7248, 7289, 7298, 7311, 7332, 7336, 7374, 7421, 7508, 7737, 7840, 7984, 7988, 8237, 8321, 8404, 8490, 8495, 8500, 8503, 8522, 8539, 8570, 8614, 8638, 8760, 8761, 8795, 8821, 8826, 8893, 8895, 9052, 9093, 9135, 9202, 9231, 9414, 9513, 9519, 9550, 9569, 9611, 9637, 9644, 9648, 9668, 9688, 9788, 9804, 9830, 9877, 9936, 9975, 10013, 10020, 10109, 10127, 10287, 10294, 10346, 10370, 10397, 10401, 10424, 10475, 10540, 10544, 10554, 10576, 10598, 10625, 10626, 10771, 10782, 10907, 10926, 10950, 10955, 10965, 11018, 11215, 11343, 22800, 22882, 22941, 23039, 23062, 23075, 23163, 23181, 23207, 23299, 23328, 23468, 23560, 23633, 23683, 25803, 25816, 26017, 26036, 26168, 26190, 26750, 27250, 27338, 27429, 28986, 28998, 29080, 29088, 29775, 30833, 50488, 50848, 51021, 51108, 51421, 51542, 51626, 51703, 51735, 54469, 54585, 54664, 54806, 54957, 54958, 55027, 55144, 55147, 55152, 55156, 55288, 55608, 55623, 55733, 55754, 55755, 55802, 58533, 60481, 63898, 64689, 64781, 79006, 79023, 79089, 79844, 80237, 80254, 80306, 80351, 80764, 81579, 81693, 84124, 84271, 84759, 85453, 89797, 90480, 114884, 348995, 399979"
GO:0001222,MF,e,transcription corepressor binding,4/339,16/4382,0.030397046199209257,5,4,1.0,1.0,1.0,1.0,"1488, 8237, 10013, 80764"
GO:0005024,MF,e,transforming growth factor beta-activated receptor activity,2/339,4/4382,0.03224335986343898,8,2,1.0,1.0,1.0,1.0,"4052, 7049"
GO:0004312,MF,e,fatty acid synthase activity,2/339,4/4382,0.03224335986343898,5,2,1.0,1.0,1.0,1.0,"54995, 60481"
GO:0140034,MF,e,methylation-dependent protein binding,5/339,24/4382,0.03362627401476585,4,5,1.0,1.0,1.0,1.0,"2332, 5977, 10771, 23468, 80764"
GO:0035064,MF,e,methylated histone binding,5/339,24/4382,0.03362627401476585,5,5,1.0,1.0,1.0,1.0,"2332, 5977, 10771, 23468, 80764"
GO:0001224,MF,e,RNA polymerase II transcription coregulator binding,4/339,17/4382,0.037397082851318215,5,4,1.0,1.0,1.0,1.0,"1488, 8237, 10013, 80764"
GO:0045296,MF,e,cadherin binding,21/339,176/4382,0.042468861922925503,4,21,1.0,1.0,1.0,1.0,"421, 1266, 1983, 2060, 2316, 2810, 3309, 3927, 4179, 5216, 5781, 5800, 6231, 6286, 8826, 9052, 9414, 10397, 10598, 23075, 50848"
GO:0046983,MF,e,protein dimerization activity,36/339,339/4382,0.04401048651937817,3,36,1.0,1.0,1.0,1.0,"150, 196, 466, 468, 597, 847, 1050, 2040, 2316, 2332, 2944, 2992, 4089, 4097, 4209, 4915, 4953, 5439, 5800, 6286, 6631, 7026, 7037, 7155, 7164, 7298, 8614, 9135, 9513, 9830, 10346, 10475, 11343, 22882, 50848, 58533"
GO:0019899,MF,e,enzyme binding,74/339,776/4382,0.0452086821495888,3,74,1.0,1.0,1.0,1.0,"18, 150, 161, 162, 391, 468, 801, 811, 847, 896, 1050, 1407, 1488, 1718, 1846, 1917, 1959, 2040, 2091, 2316, 2810, 2821, 2885, 2932, 2934, 2944, 3309, 4055, 4209, 4753, 4853, 4915, 4952, 5095, 5170, 5564, 5606, 5781, 5930, 6416, 6850, 7037, 7155, 7289, 7311, 7332, 8614, 8826, 8895, 9414, 9550, 9611, 9644, 9648, 9830, 10013, 10346, 10370, 10397, 10401, 10475, 10540, 10576, 11215, 23062, 23163, 23299, 23328, 23468, 51735, 55755, 63898, 80351, 80764"
GO:0004879,MF,e,nuclear receptor activity,4/339,18/4382,0.04524477571703291,4,4,1.0,1.0,1.0,1.0,"196, 7026, 7421, 9975"
GO:0098531,MF,e,ligand-activated transcription factor activity,4/339,18/4382,0.04524477571703291,3,4,1.0,1.0,1.0,1.0,"196, 7026, 7421, 9975"
GO:0019213,MF,e,deacetylase activity,3/339,11/4382,0.047485298740486216,3,3,1.0,1.0,1.0,1.0,"3340, 10013, 23408"
GO:0003723,MF,p,RNA binding,40/339,698/4382,0.03038783678547737,4,40,1.0,1.0,1.0,1.0,"311, 811, 1153, 1729, 1917, 1974, 1983, 2091, 2316, 2332, 2885, 5216, 5930, 5976, 6231, 6631, 6733, 7037, 7073, 7298, 7332, 8539, 8570, 8638, 8761, 8893, 8895, 9513, 9877, 23560, 26017, 27250, 28998, 29080, 29088, 55119, 55147, 55623, 55802, 84271"
